Component,Cosine_Similarity
1,1.0000000000000002
2,1.0000000000000002
3,1.0000000000000002
4,1.0000000000000002
5,1.0
