,Temperature,Humidity,Wind_Speed,Cloud_Cover,Pressure,Rain
Temperature,1.0,-0.014118758006059174,-0.0049566704702811454,0.006632155571853718,-0.007488586208897172,-0.26588159435692876
Humidity,-0.014118758006059174,1.0,0.0038162641208585655,0.007243504014446558,-0.03208858721522363,0.3824642243183257
Wind_Speed,-0.0049566704702811454,0.0038162641208585655,1.0,-0.00040460289056810456,0.018771515489836646,-0.0013891035794224608
Cloud_Cover,0.006632155571853718,0.007243504014446558,-0.00040460289056810456,1.0,0.02310044030535708,0.3262158157345713
Pressure,-0.007488586208897172,-0.03208858721522363,0.018771515489836646,0.02310044030535708,1.0,0.008273248173012008
Rain,-0.26588159435692876,0.3824642243183257,-0.0013891035794224608,0.3262158157345713,0.008273248173012008,1.0
