,Temperature,Humidity,Wind_Speed,Cloud_Cover,Pressure,Rain
count,2500.0,2500.0,2500.0,2500.0,2500.0,2500.0
mean,22.58172519939987,64.34709445763546,9.9062547597493,49.6581042550677,1014.3123358612228,0.1256
std,7.326996316570903,19.954739172195925,5.7803160362320565,29.123103660104828,20.19643279398678,0.33146430793521947
min,10.001842485827652,30.005071474694457,0.0098192760008686,0.0150381080855521,980.0144863937444,0.0
25%,16.359398032020415,47.33981468200443,4.761908977643493,23.900016049385176,996.9386304859082,0.0
50%,22.536448160843374,63.92079672415903,9.908571943956758,49.48828432260021,1013.4330353921073,0.0
75%,28.976475724835588,81.56102057967041,14.948407771429636,75.3241395816009,1031.7350674418374,0.0
max,34.99521445292413,99.99748129798218,19.9991322551545,99.99779517807228,1049.985593365048,1.0
