Model,Accuracy,Log Loss,Iterations
Custom (Newton),0.9736842105263158,0.06011322543071617,9
Sklearn (Newton-CG),0.9736842105263158,0.06021756528675543,8
